rank,‚ñ≥pub,Team Name,Notebook,Team Members,Score,Entries,Last
1,1039,I hate this competition,, ,0.62174,17,1mo
2,595,Minh Phan,, ,0.61881,28,2mo
3,676,Cedric Soares,[TF]EfficientNet transfer learning strat split, ,0.61732,9,4d
4,469,Leaky Folds,,  ,0.61562,124,1mo
5,759,random,, ,0.60751,5,17d
6,428,Train4Ever,,     ,0.60696,196,3d
7,1209,Igor Lashkov,, ,0.60394,1,2mo
8,1376,ArturHugo,, ,0.60322,12,1mo
9,614,'till my brain collapse,, ,0.60186,10,3d
10,29,Rishiraj Acharya,,  ,0.60152,7,6d
11,883,Taki,, ,0.60152,4,8d
12,989,Gunes Evitan,,  ,0.60135,53,3d
13,695,sea of stars,, ,0.60096,12,1mo
14,607,Vysakh Nair,, ,0.60054,25,2mo
15,762,funkyboy,, ,0.60054,4,11d
16,699,Firdows,, ,0.60028,31,10d
17,1071,pongba,, ,0.59931,1,3mo
18,475,atfujita,, ,0.59878,80,14d
19,585,yangLy,, ,0.5985,17,3mo
20,476,Bruce Young,, ,0.59846,35,3d
21,700,kelian20,, ,0.59807,10,1mo
22,942,Kemist,, ,0.59595,1,2mo
23,925,Ranafago,, ,0.59595,12,2mo
24,942,QuantumDamage,, ,0.59595,2,2mo
25,524,HAaHAa,, ,0.5954,9,1mo
26,487,Roland Luethy,, ,0.59531,129,23d
27,576,Sis Fis,, ,0.59531,4,2mo
28,384,Dovel Technologies,,     ,0.59459,114,3d
29,423,ntl,,  ,0.5928,43,4d
30,1275,ImBczVr,, ,0.59266,1,4d
31,98,Susung Hong,, ,0.59234,34,7d
32,427,Amine Bennouna,, ,0.59204,12,2mo
33,1008,manoj,, ,0.5917,8,23d
34,655,israelzinc,, ,0.59138,1,2mo
35,1152,hosna,, ,0.59098,1,23d
36,675,idroid,, ,0.59064,9,1mo
37,772,sua lee,, ,0.59045,3,2mo
38,460,Jiayuan Zhu,,  ,0.59038,56,10d
39,383,Carl McBride Ellis,, ,0.59038,14,20d
40,865,L√©onTheProfessional,, ,0.59021,22,1mo
41,606,P.AI.R,, ,0.58936,2,20d
42,1307,pinkaxe,, ,0.58932,2,2mo
43,1073,Kazuki Shiraishi,, ,0.58915,3,3mo
44,974,4016,,   ,0.58902,26,1mo
45,672,H_Moriya,, ,0.58843,21,15d
46,373,TigerDuck,,     ,0.58834,228,16d
47,389,ismael kaissy,, ,0.58826,73,12d
48,413,Lopamudra Nayak,, ,0.58664,6,2mo
49,945,MDFam,, ,0.58654,7,3d
50,703,GRAN Team,,    ,0.58647,5,8d
51,545,CSMJ,,    ,0.58622,11,2mo
52,558,Yash Vadi,, ,0.58592,19,2mo
53,738,Clifford Chua,, ,0.58584,15,2mo
54,1234,tamano-Ohara,, ,0.58584,1,1mo
55,1232,I Igor,, ,0.58567,3,2mo
56,336,xuwuu,, ,0.58524,3,23d
57,427,Tung Shu-Cheng,, ,0.5849,33,1mo
58,379,Tiao Can Xia,,   ,0.58456,13,1mo
59,1076,Sdilshad,, ,0.58452,2,24d
60,1198,Favian Hatje,, ,0.58452,2,4d
61,959,Buket Darƒ±cƒ±,, ,0.58439,1,2mo
62,304,Foodboyz,, ,0.58431,24,11d
63,964,Thor Odinson #2,, ,0.58371,5,13d
64,731,Zavieton,, ,0.5832,31,5d
65,972,Kaoru Sasakawa,, ,0.58303,10,3mo
66,693,greylord1996,, ,0.58295,17,8d
67,916,Kaneel Senevirathne,, ,0.58288,38,1mo
68,937,kulverstukas,, ,0.58278,64,5d
69,621,ynhuhu,,  ,0.58273,63,18d
70,388,AD,, ,0.58214,19,2mo
71,1052,Henry Javier,, ,0.58201,1,1mo
72,663,Alehandreus,, ,0.58197,10,2mo
73,431,datasmurfs,,  ,0.58188,44,4d
74,18,yukiZ,, ,0.58182,72,3d
75,907,Arnab Saha,, ,0.58178,25,2mo
76,885,vmri,, ,0.5815,4,2mo
77,8,Wai Wai,,     ,0.5815,94,4d
78,629,Chansocheat Tieng,, ,0.58137,8,1mo
79,536,Christopher Sham,, ,0.5812,5,2mo
80,918,Karl Malone21,, ,0.58103,4,3mo
81,783,Shrijeet16,, ,0.58099,4,1mo
82,1182,Soonhwan Kwon,, ,0.58095,2,3mo
83,904,Jo√£o Louro,, ,0.58086,3,2mo
84,1289,gonzo3832,BT_002_modeEF3D_patience3, ,0.58074,2,1mo
85,72,dlrgy22,, ,0.58035,207,3d
86,1035,Shaheryar,, ,0.5801,2,2mo
87,1035,vdail-brats-gogo,,   ,0.5801,3,1mo
88,60,NCU_ChenBin,,  ,0.5801,33,4d
89,602,Craig Wickizer,, ,0.58001,7,2mo
90,440,ts,, ,0.58001,5,2mo
91,451,swimmy,, ,0.58001,21,2mo
92,506,Schweizerisch,, ,0.57993,27,23d
93,453,EEIC2021,,   ,0.57989,37,5d
94,619,Leander Meinken,, ,0.57984,4,8d
95,893,Vasiliy,, ,0.5798,5,1mo
96,352,Jahnavi A,, ,0.5798,25,4d
97,674,kazu _02,, ,0.57972,14,1mo
98,1094,bwnzheng,, ,0.57972,3,21d
99,420,Haithem Gasmi,, ,0.57967,22,2mo
100,606,kimvc7,, ,0.57963,5,2mo
101,642,Takashi Matsushita,, ,0.57961,29,5d
102,1079,dungeon masters,,   ,0.57959,9,20d
103,627,Krish Vanapalli,, ,0.57946,34,3d
104,676,shin2,, ,0.57929,16,3d
105,1034,pretrained pickle,,  ,0.57908,5,2mo
106,866,tavuskus,, ,0.57904,5,2mo
107,568,Adana ina,, ,0.57904,63,9d
108,863,Jinman Park,, ,0.57874,3,2mo
109,484,Adam Hsieh,, ,0.57865,54,2mo
110,982,Beginnerdesu,, ,0.57836,15,4d
111,851,Ridouane Ghermi,, ,0.5781,14,3d
112,90,cvPlayer,, ,0.5781,256,8d
113,504,Kaveh Shahhosseini,, ,0.57806,24,13d
114,1223,Kathleen Wang,, ,0.578,1,2mo
115,672,Alisher Iglymov,, ,0.57793,1,2mo
116,672,Nguy√™n D∆∞∆°ng Thanh,, ,0.57793,2,2mo
117,584,Fight Cancer,,  ,0.57778,1,2mo
118,140,ÂéâÂÆ≥ÁöÑËèúÈ∏°,,    ,0.57778,23,3d
119,319,Saurav Maheshkar ‚òïÔ∏è,, ,0.57772,5,1mo
120,984,Robert H,, ,0.57746,5,2mo
121,289,How to win this,,    ,0.57746,11,3d
122,456,Kimberly Villalobos,, ,0.57729,18,2mo
123,1133,XZ,, ,0.57725,23,2mo
124,645,Masataka Miyahara,, ,0.57725,13,11d
125,635,Matthias B,, ,0.57717,28,1mo
126,359,Daniel Lang,, ,0.57708,32,2mo
127,540,Carlo Modica,, ,0.57708,24,3d
128,1058,Kirill,, ,0.57695,11,24d
129,787,KMVC777,, ,0.57691,5,2mo
130,769,U/K-CL,,     ,0.57683,34,11d
131,942,Tristan Maidment,, ,0.57644,6,2mo
132,1058,Frank Guo,, ,0.57644,8,1mo
133,300,Bayesian Boys,, ,0.5764,12,2mo
134,623,Jirka Borovec,üß† Tumor Classif. ~ Lightning‚ö° [inference], ,0.57636,8,3d
135,505,Dylan Liu,, ,0.57619,12,5d
136,551,Nakuuu,, ,0.57615,2,3mo
137,31,Team_XYZ,,  ,0.57615,20,5d
138,974,tomoo inubushi,, ,0.5761,12,7d
139,558,Hirota Kawada,, ,0.57602,21,3d
140,134,M.A,, ,0.57576,127,9d
141,554,Shamit,, ,0.5753,14,19d
142,114,G√°bor Hollandi,, ,0.57517,7,3d
143,255,fujiya,,     ,0.57517,21,5d
144,472,TABOUT MHAMED,, ,0.57517,38,1mo
145,195,Rajarshi Dey,, ,0.57517,10,21d
146,34,MRIdealogy,, ,0.57517,23,17d
147,209,krushnaa rengarajan,, ,0.57517,14,7d
148,471,zxcupitman,,   ,0.57517,2,3d
149,828,hamza ee,, ,0.575,1,1mo
150,528,Vladimir Boichenko,, ,0.57491,39,12d
151,1062,Arslanov,, ,0.5747,2,2mo
152,736,AndNov,, ,0.57466,4,4d
153,765,jiangdian,, ,0.57462,10,19d
154,485,Dmitry Terenin,, ,0.57453,31,6d
155,1128,NunesNVattis,,  ,0.57449,1,1mo
156,848,Frologus,,  ,0.5744,32,3d
157,133,Radio,,  ,0.57436,163,3d
158,170,smith.gui,, ,0.57413,88,4d
159,981,Radiojinomics,,  ,0.57387,8,2mo
160,953,Lyubomir Klyambarski,, ,0.57381,11,8d
161,718,Haitham ALiryan,, ,0.57366,3,1mo
162,530,LinhLPV,, ,0.57326,4,22d
163,795,Cindy,, ,0.57317,31,1mo
164,530,Seokwoo Jung,, ,0.57317,2,24d
165,405,Victor Gonzalez,, ,0.57313,11,2mo
166,740,Bill Qi,, ,0.5727,6,1mo
167,1179,BigFaceCat,, ,0.57266,1,3d
168,552,gouda,, ,0.57262,5,2mo
169,861,Azat Akhtyamov,, ,0.57241,2,3mo
170,1375,Sarwar Alam,, ,0.57236,1,15d
171,275,Defeat GBM!!,,   ,0.57224,146,3d
172,1166,Nicholas Dimperio,, ,0.57217,8,2mo
173,558,copypaste,, ,0.57213,9,2mo
174,279,AI gators,,  ,0.57211,100,5d
175,494,Image Dimension 3,,   ,0.57198,92,4d
176,478,Jiayu Kamessi Zhao,,  ,0.57181,23,2mo
177,406,Medigen Warriors,,  ,0.57168,21,12d
178,924,Gabriel Alves Castro,, ,0.57162,8,1mo
179,832,dinodeep,, ,0.57126,7,1mo
180,402,Weikai,, ,0.57122,14,2mo
181,632,totosya,, ,0.57122,5,2mo
182,998,laboratory,, ,0.57113,9,3mo
183,441,Bioengineering max,,  ,0.57113,18,1mo
184,719,zcmu2,, ,0.57088,8,2mo
185,1358,Syed Rakin Ahmed,, ,0.57066,5,3d
186,569,Barteksv12,, ,0.57062,12,2mo
187,1037,404 brain not found,,    ,0.57045,12,2mo
188,171,zorro14,, ,0.5702,7,15d
189,235,[HL]hisworld,, ,0.5699,53,1mo
190,386,Meng-Hsuan Liu,, ,0.56973,16,3d
191,681,Gaurav Sawant,, ,0.56964,4,25d
192,1242,superbee,, ,0.56952,2,3mo
193,507,Sajith R,, ,0.56941,16,2mo
194,844,Chinta,, ,0.56939,2,3mo
195,129,The Revenant,, ,0.56939,15,6d
196,452,GW Binary Star,,  ,0.56922,1,2mo
197,717,Diominor,, ,0.56922,10,2mo
198,309,ksk0629,, ,0.56918,8,2mo
199,251,MariaPiresPacheco,, ,0.56896,65,22d
200,900,Filip Pavlove,, ,0.56884,7,1mo
201,919,yusei,, ,0.56858,11,17d
202,1001,Imaban,, ,0.56845,4,1mo
203,762,Jake Sauter,, ,0.56837,3,2mo
204,795,Jose Carmona,, ,0.56837,9,1mo
205,1095,Artem Toporov,, ,0.56824,1,2mo
206,443,adhitio,, ,0.56809,11,1mo
207,886,John Doge,, ,0.56795,17,3d
208,787,IT_group3,,   ,0.56786,11,1mo
209,1176,Thodoris Koukouvinos,, ,0.5678,7,2mo
210,1042,Tran Tuan,, ,0.56752,2,2mo
211,883,Jay Kapoor,,     ,0.56748,21,3d
212,472,Bumbee,, ,0.5671,74,3d
213,1102,Alireza Sadeghi,, ,0.56701,3,2mo
214,693,athrun sun,, ,0.56697,4,3d
215,443,small small small team of IICT,, ,0.56678,44,21d
216,935,Roxo Lani,, ,0.56671,2,3mo
217,546,basic,, ,0.56667,13,4d
218,1118,Amrit Krishnan,, ,0.56663,10,3mo
219,425,Prakhar Pande,, ,0.56646,18,13d
220,1132,Jason Huang,, ,0.56618,2,2mo
221,657,Utkarsh Shrivastava,, ,0.56603,3,24d
222,3,Pavel Shunkevich,, ,0.56603,4,13d
223,570,Roscoe,,  ,0.56591,11,3d
224,212,ÂÖ®„Åè„Çè„Åã„Çä„Åæ„Åõ„Çì„Åß„Åó„Åü,, ,0.56591,145,9d
225,168,Hamza #3,, ,0.56582,56,4d
226,747,andrey borisov,, ,0.56559,10,11d
227,906,Sparkyaurora,, ,0.56516,1,2mo
228,1071,dan musetoiu,, ,0.5651,2,1mo
229,711,Billion Zheng,, ,0.56503,3,1mo
230,1176,Arin,, ,0.56484,1,2mo
231,523,Aleksandr Zolotarev,, ,0.56478,19,2mo
232,1132,Richard_Liu,, ,0.56474,1,2mo
233,727,yangqinzhu,, ,0.5645,7,2mo
234,353,Weining mai,, ,0.56442,13,1mo
235,1112,Ivan Hahanov,, ,0.56433,5,2mo
236,816,Gaggle o Kaggle,,    ,0.56429,19,2mo
237,834,cadenacchi,, ,0.56416,13,3d
238,204,evgeny nikolaev,, ,0.56408,97,4d
239,1090,Tony Dong,, ,0.56404,9,12d
240,433,rsna-t1,,  ,0.56395,24,2mo
241,144,follicul,, ,0.56395,162,4d
242,145,Mike_hata,, ,0.56391,15,3d
243,390,RAMESH SIMHADRI,, ,0.56389,42,4d
244,554,Wai Key Lee,, ,0.56378,10,3mo
245,167,Âé¶Èó®ÁêÜÂ∑•Â≠¶Èô¢ÁªºÂêàÊ•º19¬æÂ±Ç,,    ,0.56378,110,7d
246,1079,HkS,, ,0.56353,8,1mo
247,727,Samdem,, ,0.56344,11,6d
248,748,slm37102,, ,0.56336,69,3d
249,415,Juan Pablo Margni,, ,0.56323,10,2mo
250,512,D_Khatri,, ,0.56287,18,6d
251,274,Wasted_Times,, ,0.5628,13,2mo
252,333,ishtos,,  ,0.56272,88,3d
253,471,Sergey Milantev,, ,0.56268,14,6d
254,187,hellolry,, ,0.56255,16,7d
255,477,Aryaman Sharma,, ,0.56246,49,6d
256,187,relurelu,, ,0.56234,106,1mo
257,949,alua,, ,0.56229,3,20d
258,425,Aleksandr Nagaev,, ,0.56229,5,8d
259,423,gcpyobcmst,, ,0.56225,37,3d
260,975,Contractors,,   ,0.56217,11,6d
261,188,kuroko1t,, ,0.56212,26,20d
262,510,Neptune,, ,0.562,1,18d
263,817,SpeedWombat,, ,0.56159,12,8d
264,1031,J_K_,, ,0.56149,6,1mo
265,1114,shiba,, ,0.56149,5,19d
266,145,J_6,, ,0.5614,153,9d
267,156,Mitra Javadzadeh,, ,0.56127,22,2mo
268,983,Nikita Kasatkin,, ,0.56121,5,10d
269,322,LONEWOLVES,,   ,0.56115,33,3mo
270,856,lIllIlIllI,,  ,0.56115,10,1mo
271,777,GlennDean,notebook051cf986c7, ,0.56106,8,2mo
272,745,Randy Williams,, ,0.56102,7,2mo
273,778,Pranshu15,Infer,  ,0.56098,15,1mo
274,745,FEMI K J,notebook020e60a0c8, ,0.56093,3,3mo
275,674,Shiny Go,, ,0.56093,6,2mo
276,811,Kaito Honda,Brain_Tumor_Classification, ,0.56091,4,2mo
277,309,zhichaozhao,, ,0.56081,9,2mo
278,729,Oberfink,, ,0.56055,11,2mo
279,950,masha samsikova,, ,0.56053,3,2mo
280,486,Shivesh Chowdary,, ,0.56053,4,2mo
281,274,Ulrich G.,, ,0.5603,82,3d
282,1104,GolBog,, ,0.56008,5,2mo
283,625,HazyCosmicJive,,   ,0.55983,21,9d
284,276,Shummi Ahmed,, ,0.5597,127,13d
285,378,SA_MV_Walker,, ,0.55962,18,3d
286,947,Felipe Neves,, ,0.55955,5,1mo
287,375,Gianmarco G.,,  ,0.55945,14,1mo
288,112,iDatura,, ,0.55945,55,3d
289,242,enddl22,, ,0.5594,14,2mo
290,964,Phoenix,, ,0.5594,1,2mo
291,852,E_Inchin,, ,0.55928,46,5d
292,140,vinnr,, ,0.55925,42,3d
293,1139,Matvey_Spiridonov,, ,0.55923,5,2mo
294,332,Asy Mortenson,, ,0.55919,23,14d
295,176,ShimTa,, ,0.55915,67,3d
296,356,Deepcam,, ,0.55894,35,2mo
297,748,Fƒ±ratkurt,, ,0.55889,11,1mo
298,414,gil fernandes,, ,0.55885,15,6d
299,791,Sergio R.,MedicalNet + volumentations [all-in-1], ,0.55872,8,1mo
300,815,Relentless,,  ,0.55868,10,3mo
301,640,stonebell,, ,0.55864,5,2mo
302,706,Aphrodite,, ,0.5586,1,2mo
303,635,Eduardo Farina - Jo√£o Santinha - Jo√£o Pedro Mazuco - Gustavo Corradi - Paulo Kuriki,,     ,0.5586,36,1mo
304,705,guakekuangren,, ,0.5586,1,20d
305,83,tefuxu,, ,0.55847,20,23d
306,149,123,, ,0.55843,52,8d
307,752,Mirza Canovic,, ,0.55834,5,2mo
308,294,RaresC,, ,0.55832,7,2mo
309,18,simle breath,, ,0.55826,13,7d
310,192,FormtYan,, ,0.55826,15,11d
311,256,Berrie Z,, ,0.55821,3,7d
312,39,Naresh bhat,, ,0.55817,7,4d
313,237,Eugene Medvedev,, ,0.55779,31,9d
314,482,jypysk,, ,0.55775,23,3d
315,1005,Vincent Yong,, ,0.5577,2,2mo
316,641,jia liu,, ,0.55766,6,2mo
317,953,vlorenzo,, ,0.55758,4,2mo
318,291,cymchen,, ,0.55758,19,3d
319,870,Mate Hacking Unit,,  ,0.55753,4,8d
320,581,noidea,Leak in metadata?, ,0.55743,13,8d
321,40,Sruthi Iyer,, ,0.55743,3,14d
322,580,Ivan Panshin,, ,0.55743,4,3d
323,131,Nanashi,, ,0.55743,5,3d
324,1045,dcao1736,, ,0.55741,1,19d
325,575,Paventhan,, ,0.55732,3,1mo
326,853,DG #2,, ,0.55724,1,1mo
327,511,dua dua,, ,0.55698,2,2mo
328,266,ShawnTung,, ,0.55685,26,2mo
329,762,Boris Polishchuk,, ,0.55681,44,3d
330,260,Peter KK,, ,0.55677,33,3d
331,1017,Morris,, ,0.55651,3,10d
332,178,SLOSH-CBRL,,   ,0.55651,19,4d
333,971,Hugo Bricard,, ,0.55643,2,3d
334,314,custom models,,  ,0.55639,298,7d
335,186,Â∞èÊØõÈ©¥,, ,0.55639,102,5d
336,840,antimaterial,, ,0.5563,2,8d
337,177,Elena Shirkhalova,, ,0.55622,83,8d
338,101,yim,, ,0.55622,41,20d
339,479,Shivam Kumar,, ,0.556,3,2mo
340,670,Aluru Hemateja V N M 19BEC1025,, ,0.5559,10,2mo
341,615,Jasper Ouwerkerk,, ,0.55583,33,2mo
342,380,Jim Reynor,, ,0.55579,9,18d
343,714,ponta,, ,0.55566,5,2mo
344,695,Pouria.Faraji,, ,0.55562,2,2mo
345,624,Proacta,,  ,0.55562,12,1mo
346,435,cy4ego,, ,0.55554,30,2mo
347,201,Cinthia Cristina Calchi Kleiner,, ,0.55545,72,3d
348,204,IC2,, ,0.55537,198,3d
349,472,Let's try,, ,0.55515,4,1mo
350,434,Ki√¶r,, ,0.55505,5,2mo
351,895,Luke Hornof,, ,0.55503,5,2mo
352,543,Aventior Team,, ,0.55498,6,5d
353,722,GradsBoi,, ,0.55486,2,2mo
354,627,mhadiputro,, ,0.55458,7,2mo
355,590,Chetan Borse,, ,0.55456,1,2mo
356,112,Araik Tamazian,, ,0.55452,19,4d
357,792,Oloruntobi,RSNA-MICCAI Brain Tumor Classification, ,0.55439,2,3mo
358,98,allixgcuimkw,,     ,0.55439,20,3d
359,182,Philipp,, ,0.55401,6,2mo
360,401,arun nadaradjane,, ,0.55392,3,9d
361,1132,pranav_raghav,,  ,0.55388,12,2mo
362,295,steaphan,, ,0.55367,26,4d
363,922,Vadim Yermakov,, ,0.55328,5,3d
364,665,LAZCoder,, ,0.55311,15,3mo
365,122,Victor Fernandez Albor,, ,0.55303,55,3d
366,408,Lemming,, ,0.5529,9,3d
367,222,Sampark Sharma,, ,0.55273,8,1mo
368,14,gusevski,, ,0.55273,34,25d
369,387,ria10,, ,0.55252,23,3d
370,409,Fabien Crom,, ,0.55248,8,3d
371,352,Jason Chris,, ,0.55243,16,6d
372,311,BreezeBetter,,  ,0.55243,65,4d
373,336,YUZHE NI,, ,0.55243,31,5d
374,306,Asterios Tsiourvas,, ,0.55239,6,2mo
375,916,Khopdi,,  ,0.55233,8,3d
376,621,varus1234,, ,0.55218,36,3d
377,669,KANYADHARA AKASH,, ,0.55214,1,19d
378,338,r√§hm√§.ai,,  ,0.55212,18,3d
379,597,Berkin Ers√∂z,, ,0.55201,4,2mo
380,896,edwintyh,, ,0.55201,1,2mo
381,173,shajiayu,, ,0.55201,2,1mo
382,65,Nazarko,, ,0.55188,26,4d
383,6,XiaoLiang,, ,0.55184,22,12d
384,196,Hazigin,, ,0.55167,59,25d
385,536,Emir KO√áAK,, ,0.55158,2,3mo
386,362,aiHbbL,, ,0.55158,6,2mo
387,567,JC Kim,, ,0.55158,2,2mo
388,544,Shahbaz Khan,, ,0.55158,3,3mo
389,748,Daniil K.,, ,0.55158,5,2mo
390,748,johan,, ,0.55158,3,2mo
391,813,[LH44],, ,0.5515,4,4d
392,91,Alberto Benayas,, ,0.55146,19,10d
393,294,Experience_In_AI,, ,0.55116,62,4d
394,672,ymisrtd,, ,0.55107,2,2mo
395,860,alpapado,, ,0.55105,3,2mo
396,253,snisherator,, ,0.55086,117,22d
397,82,taoxuewen,, ,0.55082,9,2mo
398,700,Pranav Agarwal,MRI Classification Data Pipeline [Pytorch], ,0.55073,5,22d
399,70,Medical Explorers,,    ,0.55065,48,1mo
400,235,Shogo Asa,, ,0.55065,21,4d
401,34,Tiger Von,, ,0.55056,37,2mo
402,621,Sanjay Anbu,, ,0.55056,15,3d
403,383,Touyu & so1ro,,  ,0.55044,75,3d
404,874,amanou,, ,0.55042,4,3d
405,27,Tom Darmon,,   ,0.55037,60,13d
406,790,Cetian Liu,, ,0.5501,1,2mo
407,787,Jeffrey Boschman,, ,0.55005,2,9d
408,884,Hamza Jebbar,Brain_Tumor_Radiogenomic_Classification, ,0.54988,1,3mo
409,655,Star_Xussi,EDA with Animations and Modeling for getting start, ,0.5498,9,3mo
410,324,sukenosuke,, ,0.54971,10,14d
411,575,Junyan Li,, ,0.54959,9,2mo
412,1124,Rahul Rahaman,, ,0.54929,3,3mo
413,247,MC12,, ,0.54925,58,24d
414,916,laowng,, ,0.5492,3,1mo
415,1127,Konrad Banachewicz,, ,0.54908,1,3mo
416,334,CybermineNesion-Sigma101,, ,0.54908,111,4d
417,64,Miracle Maker II,,  ,0.54903,24,13d
418,376,mknzfr,, ,0.54899,4,1mo
419,118,Shivam Mittal,, ,0.54878,6,2mo
420,152,Kuo-Hsin Tu,, ,0.54878,23,3d
421,163,Jamal Hasanov,, ,0.54876,68,3d
422,65,Ritacheta Das,, ,0.54857,2,16d
423,92,cindy2000sh,,   ,0.54857,8,3mo
424,92,sneffort,, ,0.54857,11,2mo
425,92,__name__ == __main__,, ,0.54857,12,2mo
426,92,Masoud Farivar,, ,0.54857,1,3mo
427,177,Â∞èÈáëÊØõ,, ,0.54857,6,11d
428,92,DmitryBeresnev,, ,0.54857,4,2mo
429,419,mirosia koval,, ,0.54857,63,2mo
430,92,Sunlights,, ,0.54857,3,1mo
431,92,iChalice,, ,0.54857,3,3mo
432,92,parapluie,, ,0.54857,16,2mo
433,332,mandarinente,, ,0.54857,24,5d
434,117,kambehmw,, ,0.54857,6,3d
435,25,Marc Ghanem,, ,0.54857,4,9d
436,90,omarsamir,, ,0.54857,2,2mo
437,175,Fares Sayah,, ,0.54857,6,10d
438,412,Kamal Das,, ,0.54857,29,3d
439,43,WeLoveNM,,    ,0.54857,16,24d
440,25,Manoj Prabhakar,, ,0.54857,5,4d
441,86,Yumu Tabuchi,, ,0.54857,1,2mo
442,95,Binh Nguyen,, ,0.54857,12,20d
443,85,tkyg,, ,0.54857,4,2mo
444,85,Axel,, ,0.54857,12,2mo
445,87,mochio,,     ,0.54857,20,1mo
446,87,Sihead,, ,0.54857,2,1mo
447,365,Xbldev,, ,0.54857,3,2mo
448,86,Vicens Gaitan,, ,0.54857,4,3d
449,86,LP space,, ,0.54857,1,2mo
450,86,sitiya,, ,0.54857,2,2mo
451,137,peserta,, ,0.54857,3,4d
452,86,zhengyu,, ,0.54857,1,2mo
453,52,sandy1112,, ,0.54857,4,23d
454,403,M√∂bius,, ,0.54857,8,6d
455,84,Mark Conway,, ,0.54857,2,2mo
456,84,HDKIM,, ,0.54857,9,2mo
457,86,Luong Quang Dung,, ,0.54857,9,2mo
458,86,try more,, ,0.54857,2,2mo
459,53,Experto,, ,0.54857,34,3d
460,85,CityU Data Science Club,,    ,0.54857,23,1mo
461,421,kaggle is hard,,    ,0.54857,57,4d
462,85,Kong Bai,, ,0.54857,3,2mo
463,85,Kamal Jain,, ,0.54857,4,2mo
464,160,Patrick Chan,, ,0.54857,7,5d
465,257,Sayantan Kirtaniya,, ,0.54857,21,5d
466,115,Abhishek Gupta,, ,0.54857,4,19d
467,84,SUS,,  ,0.54857,18,1mo
468,84,andrekos,, ,0.54857,4,3d
469,274,Dmitry Kozlov,, ,0.54857,4,16d
470,83,Chiu Yu Hao,, ,0.54857,1,1mo
471,116,Amalgam,,   ,0.54857,3,17d
472,84,SSinyu,, ,0.54857,3,1mo
473,347,Lawrence Tan,, ,0.54857,152,20d
474,84,Yerram Varun,, ,0.54857,9,24d
475,84,Amil Gentili,, ,0.54857,28,3d
476,85,NguyenHuu BaoLong,, ,0.54857,10,13d
477,85,Ivan Reznikov,, ,0.54857,11,7d
478,316,Nishanth Addagatla,, ,0.54857,7,5d
479,390,Shashwat Raman,, ,0.54857,18,3d
480,544,bilgi,, ,0.54844,6,2mo
481,388,Daisuke Kawai,, ,0.54844,4,1mo
482,544,Morpheus,, ,0.54844,5,1mo
483,545,Saurabh Shahane,, ,0.54844,3,4d
484,27,.,,     ,0.5484,12,19d
485,225,Riemann hypothesis,, ,0.54835,47,2mo
486,22,Aleksandr Kruchinin,, ,0.54814,17,25d
487,610,anhster,, ,0.54814,9,2mo
488,936,chumajin,EDA for starter(Êó•Êú¨Ë™ûversion), ,0.54793,13,2mo
489,936,Yuhei Morohashi,, ,0.54793,3,3mo
490,936,Rajeev,, ,0.54793,4,3mo
491,302,noypeban,, ,0.54793,2,16d
492,935,Chia-Ta Tsai,, ,0.54793,1,2mo
493,935,harshitwr,, ,0.54793,1,2mo
494,936,Ashraf Reda,, ,0.54793,1,17d
495,561,Adwaith Kuttikkatt,, ,0.54789,4,2mo
496,462,Marek Nurzynski,, ,0.54789,337,4d
497,739,Hector_Barrio,, ,0.54776,26,3mo
498,238,agenlu,, ,0.54776,8,1mo
499,551,sniderjustin,, ,0.54767,6,2mo
500,1,Cv,, ,0.54767,18,3d
501,39,Sivas-58,,  ,0.54767,31,1mo
502,580,Kirua,, ,0.54759,2,1mo
503,23,Jason Boice,, ,0.54755,174,6d
504,1010,RAFAEL MATHEUS RIBEIRO,, ,0.54733,1,2mo
505,476,freetan,, ,0.54733,42,3d
506,11,Phiratath N.,, ,0.54712,7,2mo
507,787,Nibey,, ,0.54674,5,2mo
508,244,QAQ,,  ,0.54657,8,2mo
509,32,sharmaharsh2405,, ,0.54657,74,1mo
510,700,kmatsuyama,, ,0.54631,1,2mo
511,207,heyguan,, ,0.54614,36,14d
512,1014,Hot_cocoa,, ,0.54606,1,1mo
513,186,LucaMTB,, ,0.54602,75,2mo
514,604,rng,, ,0.54597,3,8d
515,557,!Nuub,, ,0.54585,2,2mo
516,554,GioiHan,, ,0.5458,31,3d
517,610,CCChris W,, ,0.54559,14,2mo
518,496,Meenakshi,, ,0.54559,15,10d
519,79,mihtw,, ,0.54555,51,11d
520,663,Ali Mahmoodi,, ,0.54553,9,15d
521,459,Lior Toledano,, ,0.54546,74,3d
522,721,SSNCE_IT,,     ,0.5454,8,4d
523,78,The Three Musketeers,,   ,0.54534,111,3d
524,456,Brainstorm,,  ,0.54532,3,3d
525,756,sushi,, ,0.5453,3,1mo
526,417,GAGANKUMAR KUMMUR,,  ,0.54517,8,2mo
527,47,TheoCochran,, ,0.54513,44,5d
528,122,Prashant Kikani,, ,0.54483,11,5d
529,152,Devolnyx,, ,0.54483,59,3d
530,845,lazyterence,, ,0.54479,3,3mo
531,504,MKDir,, ,0.54476,51,3d
532,103,Cozy Doomer,, ,0.54466,32,14d
533,466,Not a Number,,    ,0.54453,153,3d
534,833,Dongthias,, ,0.54451,3,3mo
535,34,the_conquerors,,    ,0.54449,40,3d
536,406,DS,,  ,0.54445,16,2mo
537,517,qdstro,, ,0.54442,59,4d
538,455,SSNCE,,  ,0.54428,16,2mo
539,535,[HL] arelius + kenn,,  ,0.54428,127,3d
540,60,Momoku233,, ,0.54419,10,2mo
541,90,Oleksandr Mokin,,  ,0.54411,67,1mo
542,772,TigerSYH,, ,0.54394,23,3d
543,586,heihei,, ,0.54391,4,2mo
544,503,Magdi El-Sharkawy,, ,0.54387,17,4d
545,183,Yakov,, ,0.54368,26,1mo
546,364,Nat Bel ML Fun,, ,0.54368,27,3d
547,220,Minkowski ü¶æ,, ,0.54362,8,1mo
548,241,Hogwarts,, ,0.5436,11,2mo
549,793,for learning,, ,0.54349,3,1mo
550,574,Downmille,, ,0.54336,47,4d
551,677,745H1N,, ,0.54334,2,24d
552,416,Hiroshi Sakiyama,[RF] Brain Tumor (FLAIR), ,0.54313,60,5d
553,322,Maxime Berenger,, ,0.54313,5,1mo
554,45,Mehmet Akif √ñzkanoƒülu,, ,0.54313,34,8d
555,215,ns,, ,0.54311,17,5d
556,775,Tiago de Miranda Leite,, ,0.54296,5,2mo
557,520,Kerem Turgutlu,, ,0.54281,19,7d
558,112,Vis-Lab2021,,   ,0.5427,52,3d
559,964,Colombo,, ,0.54253,1,1mo
560,465,Les Frenchies,,     ,0.54249,164,3d
561,137,OliHarvey,, ,0.54249,15,10d
562,552,Nathan Evans,, ,0.54236,1,6d
563,644,maesaer,, ,0.54224,5,3mo
564,317,Salim Khazem,, ,0.54219,12,3d
565,409,Bach Ngo,, ,0.54211,5,3d
566,529,S-inokuchi,, ,0.54198,4,5d
567,206,fenofista,, ,0.54185,21,2mo
568,474,aristotle609,, ,0.54168,28,2mo
569,328,ML Rangers,RSNA Competition 3,    ,0.54126,7,3d
570,18,AV,, ,0.54122,48,22d
571,751,Dmitriy_Kutsenko,, ,0.54109,2,2mo
572,752,Nizamuddin,, ,0.54109,1,2mo
573,314,Mackellis,,     ,0.54105,16,3d
574,418,weAreNoobToo,,     ,0.54102,4,7d
575,428,ccmachine,, ,0.541,9,2mo
576,128,Charles Nguyen,, ,0.54096,11,3d
577,338,Marco Stefani,, ,0.54092,6,3mo
578,687,iccas_leipzig,, ,0.54066,4,3mo
579,687,Nakshatra Singh,, ,0.54066,1,3mo
580,687,Hugh,, ,0.54066,1,2mo
581,374,dnishigaki,, ,0.54066,2,2mo
582,686,MOHAMMAD ALBADDAWI,, ,0.54066,1,2mo
583,341,Vince #2,, ,0.54066,2,2mo
584,685,Dmitrii Veselov,, ,0.54066,1,2mo
585,686,yokuyama,, ,0.54066,1,2mo
586,686,rm -rf *,,   ,0.54066,1,2mo
587,308,Septem,, ,0.54066,2,8d
588,685,Emmanuel Ogungbemi,, ,0.54066,2,2mo
589,685,Harsh Sharma,, ,0.54066,1,2mo
590,685,Bruno.K,, ,0.54066,1,2mo
591,1,Yuki,,  ,0.54062,9,3mo
592,312,Gordon Wang 141,,    ,0.54054,10,3mo
593,803,Rami #2,PyTorch | all [MRI TYPES] [Inference], ,0.54049,1,2mo
594,436,Ray Melius,, ,0.54049,37,3d
595,614,Hailong1132,, ,0.54041,2,2mo
596,593,OsciiArt and YM,,  ,0.54039,137,3d
597,122,Xu ShiS,, ,0.54007,9,3mo
598,180,NEEF_AI,, ,0.53986,28,3d
599,8,SH.S.A,, ,0.53986,32,12d
600,650,ctawong,, ,0.53977,2,17d
601,20,summerlee2,, ,0.53973,9,3mo
602,623,Coffeemaker88,,  ,0.53964,2,1mo
603,429,Nuri Han,, ,0.5396,21,2mo
604,712,Empty258,, ,0.5396,3,4d
605,594,A. Barrett Lowe,, ,0.5396,6,4d
606,109,Taeo An,, ,0.53954,33,3d
607,477,yoshi_suke_302,, ,0.53943,1,23d
608,265,A.Scheuchzeri,, ,0.53939,14,6d
609,54,Lisa S,, ,0.53935,25,17d
610,358,Kun Hao Yeh,,    ,0.5393,61,3d
611,401,Long-Live-Transformer,, ,0.53922,14,11d
612,591,Quantiphi,,  ,0.53905,119,3d
613,45,ÍπÄÏùºÏÑ±Ïû•Íµ∞,, ,0.53896,14,25d
614,689,Victor,, ,0.53879,5,7d
615,515,Shawn,, ,0.53871,2,2mo
616,3,LuzhangCV,, ,0.53862,3,2mo
617,57,Eddwait,,     ,0.53862,6,1mo
618,499,Srikanth Machiraju,, ,0.53862,18,16d
619,164,TakehiroKajihara,, ,0.5385,19,3d
620,45,SiddharthTandon,, ,0.53833,9,8d
621,638,Mohammed Amokrane Mancer,, ,0.53828,13,2mo
622,156,Advait Vagerwal,, ,0.53813,74,8d
623,178,tomofumin,, ,0.53807,4,2mo
624,190,AeroXi,, ,0.53807,2,2mo
625,167,hbrazavi,, ,0.53807,4,2mo
626,779,borzoi üëë,, ,0.53794,6,3mo
627,454,Thor Odinson,, ,0.53794,45,11d
628,887,Ant√¥nio Carlos de Souza J√∫nior,, ,0.53792,2,1mo
629,368,N.O.T.E,,  ,0.53773,32,7d
630,437,Le Anh Duy,, ,0.53765,8,1mo
631,687,Zakaria Ounissi,, ,0.53756,10,2mo
632,566,laughing,, ,0.53743,3,2mo
633,76,The Overfitters,,    ,0.53735,55,23d
634,116,Thanh Huyen,,    ,0.53722,12,22d
635,434,Ken,, ,0.53711,4,4d
636,90,Sarah,, ,0.53701,60,4d
637,315,„ÇØ„É©„É©„Éª„É¥„Ç°„É©„ÉÉ„ÇØ,, ,0.5365,29,2mo
638,732,Alexander #2,, ,0.53643,12,15d
639,495,SUMAN,, ,0.53633,24,1mo
640,299,black_raven,, ,0.53629,5,10d
641,668,kyshel,, ,0.53607,4,2mo
642,796,jieunOh_12,, ,0.53601,1,2mo
643,68,utsw,,  ,0.53586,56,3d
644,530,Brian Smith,, ,0.53582,6,2mo
645,572,Sciencehorizen,, ,0.53582,4,3d
646,751,Theo Viel,, ,0.53548,4,3d
647,544,quantumgeek,, ,0.53493,7,1mo
648,279,LiquidAmmonia1999,,   ,0.53476,18,11d
649,573,Saurav_Patil25,, ,0.53437,2,11d
650,558,Frank Puk,, ,0.53429,1,2mo
651,125,CHAOSMakers,, ,0.53412,36,10d
652,257,Bernhard Piskernik,, ,0.53408,13,4d
653,548,Machiavelli,, ,0.53399,1,2mo
654,49,zenic,,  ,0.53369,85,19d
655,2,Los Pollos Hermanos,RSNA-MICCAI competition,  ,0.53363,10,1mo
656,735,MSU MIDI Lab,, ,0.53359,4,9d
657,735,Ling Wang,, ,0.53359,13,4d
658,15,Elahi,, ,0.53331,20,4d
659,68,JIAZHEN1496,, ,0.5331,19,2mo
660,365,Mahshid77,, ,0.53253,1,2mo
661,524,Edwin Villanueva,, ,0.53244,1,1mo
662,47, Luminide Trial,,  ,0.53221,39,3d
663,621,Zabir Al Nazi Nabil,üî•torch EffNet for üß† MRI [no üåê][inference]üî•, ,0.53214,3,3mo
664,94,Data scientists,,     ,0.53212,38,3d
665,615,Cheng Hsun Tseng,, ,0.53208,33,2mo
666,52,ZERHOUNI ELGHALI AHMED,, ,0.53199,17,2mo
667,773,nigelyaoj,, ,0.53199,1,16d
668,461,tiwanna,,     ,0.53182,43,3d
669,862,Simon Alerdic,, ,0.53168,3,2mo
670,590,Angelo,, ,0.53161,2,1mo
671,590,dAn1106,, ,0.53161,3,23d
672,212,aftershock,,  ,0.53161,12,21d
673,589,Ravi Teja,, ,0.53161,1,6d
674,529,Mathurin Ach√©,, ,0.5311,33,4d
675,849,The Gee Gees,,  ,0.5308,5,2mo
676,638,Random Predictions,,  ,0.53068,46,8d
677,71,Hamza #2,, ,0.53034,21,18d
678,190,akashiyaki,, ,0.53008,117,4d
679,37,Allan Yiin ai,, ,0.52972,13,2mo
680,540,Srikanth,, ,0.5297,1,14d
681,379,toutatsu,, ,0.52932,18,1mo
682,340,Ivan Mordovetc,, ,0.52906,2,21d
683,19,Siddhant Mahalle,, ,0.52893,12,19d
684,666,chibi-chom,, ,0.52808,46,3d
685,659,Oussama Yousre,Brain_Tumor!!, ,0.52783,4,1mo
686,749,Random Noise,, ,0.52779,4,3d
687,664,Victor Basu,, ,0.5277,2,1mo
688,683,jallle,, ,0.52768,1,2mo
689,604,gukou3,, ,0.52762,4,4d
690,479,Inpyo Hong,, ,0.5274,10,5d
691,126,M.Innat,, ,0.5273,39,4d
692,98,WITS,,   ,0.52721,21,10d
693,312,zhangkaiyu,, ,0.52719,13,24d
694,750,Aryan Shah,,  ,0.52719,14,4d
695,44,Jay,, ,0.52706,32,3d
696,604,Nana-chan,, ,0.52692,16,4d
697,216,janucszv,, ,0.52672,52,4d
698,704,KV,, ,0.52668,2,1mo
699,14,zhaobin zhang,, ,0.52664,1,6d
700,403,Nfellu,, ,0.5266,7,5d
701,578,Anchen,, ,0.52655,1,3mo
702,588,Saber,,  ,0.52649,1,3mo
703,198,cyberia,, ,0.52643,3,3mo
704,198,Murad Ojag,, ,0.52643,4,3mo
705,358,SangWon Lee,, ,0.52638,5,3mo
706,535,digimagi,, ,0.52624,9,4d
707,532,Slalom - CLT,,   ,0.52617,11,6d
708,17,Sugawarya,, ,0.52613,3,3d
709,98,fukuro,, ,0.52583,15,1mo
710,331,Huchen Jiang,, ,0.52562,3,8d
711,331,DaiCong,, ,0.52562,3,1mo
712,337,Flytomoon Huang,, ,0.52562,11,11d
713,86,Sidney Ng,, ,0.52553,1,2mo
714,443,Koorosh Aslansefat,, ,0.52553,5,9d
715,85,Arman Tsaturyan,, ,0.52553,1,2mo
716,86,aaronjie,, ,0.52553,7,2mo
717,367,dashendaiwo,, ,0.52553,2,20d
718,85,Alexey Filimonov,, ,0.52553,2,2mo
719,85,tutu zhang,, ,0.52553,1,2mo
720,85,motherHunter,, ,0.52553,3,2mo
721,85,Natalya Kovalyova,, ,0.52553,1,2mo
722,85,Adriano Passos,, ,0.52553,1,2mo
723,85,Shikhar Shukla,, ,0.52553,2,2mo
724,441,ADITI MAURYA,, ,0.52553,4,8d
725,85,Narek Maloyan,, ,0.52553,2,2mo
726,85,Egor Borisov,, ,0.52553,1,2mo
727,20,tarun_roy,, ,0.52553,9,2mo
728,1,Woongbae,, ,0.52553,12,1mo
729,443,laxman kusuma,, ,0.52553,3,7d
730,85,Supil Lee,,  ,0.52553,1,2mo
731,358,Dac-Thanh Van,, ,0.52553,2,8d
732,153,Antonio Marin,, ,0.52553,4,13d
733,83,cruigo,, ,0.52553,1,2mo
734,83,Erick Soares,, ,0.52553,1,2mo
735,84,Early Bottle,, ,0.52553,3,2mo
736,84,Jeremy,, ,0.52553,2,2mo
737,85,PotatoPadu,,    ,0.52553,4,2mo
738,85,Akarsh Upadhyay,Efficientnet3D with one MRI type, ,0.52553,1,2mo
739,85,soramame0311,, ,0.52553,1,2mo
740,85,SunnieM,, ,0.52553,1,2mo
741,85,KaggleGM,, ,0.52553,1,2mo
742,85,Jumpei,, ,0.52553,1,2mo
743,85,harappa,, ,0.52553,1,2mo
744,85,Nandanam,, ,0.52553,4,2mo
745,85,sabari nathan,, ,0.52553,1,2mo
746,85,hikozuma,, ,0.52553,1,2mo
747,610,Naruhiko Nakanishi,, ,0.52553,14,6d
748,437,That's Life,RSNA MICCAI BT, ,0.52553,2,4d
749,83,You're curious I see,, ,0.52553,2,2mo
750,83,hospecialist,, ,0.52553,4,1mo
751,83,Team 7,Team 7_Week 2, ,0.52553,11,2mo
752,403,Bulat Gabdullin (MSU),, ,0.52553,10,20d
753,82,Y.P. LI,, ,0.52553,9,2mo
754,439,KritiDoneria,, ,0.52553,4,3d
755,81,startalks,, ,0.52553,3,2mo
756,81,Shokhjakhon,, ,0.52553,1,2mo
757,503,D,,  ,0.52553,8,11d
758,81,blackjack,, ,0.52553,1,2mo
759,81,Muhammed Ashiq Abdul Khader,, ,0.52553,1,2mo
760,551,Enmaru,, ,0.52553,7,15d
761,504,shoji,, ,0.52553,3,10d
762,79,Kunsu Oh,, ,0.52553,1,2mo
763,79,Khanh Nguyen,, ,0.52553,1,2mo
764,79,fokinn,, ,0.52553,1,2mo
765,400,Niranjan Singh,, ,0.52553,2,12d
766,78,Take,, ,0.52553,3,2mo
767,78,Jin Ke,, ,0.52553,1,2mo
768,78,Raushan,, ,0.52553,1,2mo
769,78,KA,, ,0.52553,1,2mo
770,78,Winnie,, ,0.52553,1,2mo
771,78,jeolo,, ,0.52553,2,2mo
772,78,ryu,, ,0.52553,4,1mo
773,78,Alvin Utama Putra,, ,0.52553,1,2mo
774,78,Fumiaki Sato,, ,0.52553,1,1mo
775,544,KKinDEU,, ,0.52553,4,13d
776,543,Lawrence Chernin,, ,0.52553,5,3d
777,495,navneeth,, ,0.52553,8,8d
778,75,Yunker,, ,0.52553,3,1mo
779,75,rr_izumi,, ,0.52553,1,1mo
780,75,Peter CXL,, ,0.52553,1,1mo
781,75,Aryan Nath,, ,0.52553,2,1mo
782,601,Aishik Rakshit,, ,0.52553,2,17d
783,74,kojingbo,, ,0.52553,2,1mo
784,74,Tetsuro Tayama,, ,0.52553,1,1mo
785,74,Rob Mulla,, ,0.52553,1,1mo
786,74,Levushkin Ilya,, ,0.52553,1,1mo
787,74,Ayman Khalafallah,, ,0.52553,1,1mo
788,74,MG168,,  ,0.52553,2,1mo
789,74,SMC : Smoking Marijuana Coke,,   ,0.52553,14,1mo
790,75,Marcos,, ,0.52553,2,1mo
791,75,Sajeev Rajput,, ,0.52553,1,1mo
792,75,Sachin Negi,, ,0.52553,2,1mo
793,75,methylation-turned-on,,    ,0.52553,10,1mo
794,76,WHATISTHAT,, ,0.52553,1,1mo
795,76,hao123kuo,, ,0.52553,1,1mo
796,470,Ryota Akai,, ,0.52553,3,22d
797,76,paulWangzhendong,, ,0.52553,2,1mo
798,76,Heroseo,, ,0.52553,2,1mo
799,77,Takashi Nagashit,, ,0.52553,1,1mo
800,77,Michael Ding,, ,0.52553,4,1mo
801,527,Tensor Girl,, ,0.52553,2,9d
802,78,Canqiang Xu,, ,0.52553,2,1mo
803,78,tttta_ni_,, ,0.52553,2,1mo
804,536,Abid Ali Awan,, ,0.52553,5,4d
805,77,hatatani,, ,0.52553,1,25d
806,77,CMIT-Coco,, ,0.52553,3,25d
807,413,dataista0 (Juli√°n Peller),, ,0.52553,10,9d
808,77,Alexander Romakhin,, ,0.52553,1,22d
809,77,Andrey Shtrauss,, ,0.52553,3,15d
810,77,Jianan Chen,, ,0.52553,1,17d
811,588,sample,, ,0.52553,2,14d
812,637,Yurik_,, ,0.52553,12,5d
813,76,Chill Maadi,,   ,0.52553,1,11d
814,76,Wonjun ParküèÜ,, ,0.52553,1,11d
815,76,Borovitza,, ,0.52553,3,3d
816,76,NobKara,, ,0.52553,2,9d
817,328,CRISTIAN.MINAS,, ,0.52553,3,8d
818,75,med_take,, ,0.52553,3,8d
819,201,tebussch,, ,0.52553,16,3d
820,445,lightroad12,, ,0.52553,6,4d
821,509,Taaniel Uleksin,, ,0.52553,7,3d
822,526,u879269j,, ,0.52553,103,5d
823,73,Ali Alghaithi,, ,0.52553,1,4d
824,758,Rapha√´l,, ,0.52553,40,4d
825,73,Kouboura,, ,0.52553,1,3d
826,389,Andreas Horlbeck,, ,0.52541,4,3d
827,161,Benruto,, ,0.52526,2,1mo
828,416,Probir Sil,, ,0.52507,10,4d
829,651,Rub3n Tercero,, ,0.52494,3,17d
830,117,minamoto,, ,0.52494,2,22d
831,559,Charlene L,, ,0.52494,3,9d
832,90,smokyjp,, ,0.52494,5,2mo
833,117,Ken Miller,, ,0.52494,7,2mo
834,724,Jan Bre,, ,0.52494,70,2mo
835,118,eagleangle,, ,0.52494,4,2mo
836,548,Jaydeep,, ,0.52494,6,7d
837,347,JJMathew,, ,0.52485,2,2mo
838,535,Vitalii Mokin,, ,0.52481,12,3d
839,227,CFI,,   ,0.52481,91,6d
840,215,stpete_ishii,, ,0.5246,66,9d
841,560,Bach Tran,, ,0.5246,13,4d
842,688,Annamalai Prabu,, ,0.52456,2,9d
843,673,Hitesh Humane,, ,0.52449,2,3mo
844,344,Izan,, ,0.52443,2,3mo
845,100,CRO TIM Team 2,Efficientnet3D Ensemble,   ,0.5243,9,2mo
846,100,oztrvs,, ,0.5243,3,2mo
847,73,NilashisRoy,Brain Tumor very basice inference, ,0.52422,6,3mo
848,75,Studious Crabs,,   ,0.52422,1,3mo
849,76,lizhibo6,, ,0.52422,1,3mo
850,76,even,, ,0.52422,1,3mo
851,76,Abhijeet Patil,, ,0.52422,2,3mo
852,76,paulreiners,, ,0.52422,7,3mo
853,76,Xin880,, ,0.52422,1,3mo
854,76,APollner,, ,0.52422,1,3mo
855,76,wekular,, ,0.52422,1,3mo
856,77,George,, ,0.52422,4,3mo
857,77,DS572370,, ,0.52422,1,3mo
858,77,kenakai,, ,0.52422,1,3mo
859,77,manoj akondi,, ,0.52422,2,3mo
860,77,William Green,, ,0.52422,1,3mo
861,663,thanayut maktheppong,, ,0.52409,17,7d
862,159,Ludovic CHANGEON,, ,0.524,21,12d
863,360,darich,, ,0.52362,2,2mo
864,230,danielgmu,, ,0.52358,16,18d
865,503,hongseokho,, ,0.52356,8,1mo
866,295,Grigoriy Shoroshov,, ,0.52354,87,4d
867,446,tereka,, ,0.52349,13,2mo
868,93,Sam Mestern,, ,0.52332,38,20d
869,568,Ahmed Abdo,, ,0.52332,13,21d
870,518,Wael,, ,0.52315,1,2mo
871,518,ajsw,, ,0.52307,3,2mo
872,107,MohitRaut,, ,0.52298,9,12d
873,367,greendcm,,    ,0.52296,1,10d
874,458,Maksym,, ,0.52294,4,4d
875,220,Shiquan Meng,, ,0.5229,3,1mo
876,461,Petr B,, ,0.5229,60,3d
877,221,gassan,, ,0.5229,3,4d
878,39,Philipp Sodmann,, ,0.52286,12,1mo
879,246,arend de jong,, ,0.52269,1,3mo
880,368,Eukram,, ,0.52265,1,2mo
881,205,BalajiReddy210,, ,0.52254,5,4d
882,124,kimchipaduk,, ,0.52231,1,19d
883,666,Thiago Chaves,, ,0.52218,4,1mo
884,545,wmol4,, ,0.52186,6,1mo
885,866,apigcanfly000,, ,0.52167,211,4d
886,449,tawawa,, ,0.52163,1,14d
887,219,wat the dog doin,, ,0.52154,1,3mo
888,219,Vladimir Sim√µes da Luz Junior,, ,0.52154,2,3mo
889,219,zoilooo,, ,0.52154,3,3mo
890,219,Tarun Thotakura,, ,0.52154,1,3mo
891,219,Sathvik Bhaskarpandit,, ,0.52154,3,3mo
892,219,Moonej,, ,0.52154,1,3mo
893,169,‰∏ÄÂâë‰ΩïÈ£éÊÉÖ,, ,0.5215,1,22d
894,97,IQML,,    ,0.52139,22,4d
895,795,AshishSingh226,,  ,0.52124,14,5d
896,416,ibi,, ,0.52103,1,2mo
897,281,fastso,, ,0.52099,1,1mo
898,135,Deep_and_Small_One,, ,0.52095,16,1mo
899,45,saito1111111,, ,0.52061,9,1mo
900,423,Anthony Chan,, ,0.52035,2,2mo
901,196,konipuman,, ,0.52035,5,2mo
902,295,Sai P,, ,0.52031,3,2mo
903,873,David,, ,0.52031,67,3d
904,441,Blitzkreig11,, ,0.52001,10,3d
905,180,Santiago Mota,, ,0.51995,5,5d
906,213,Jacky Mao1,, ,0.51935,29,2mo
907,269,UnfriendlyAI,, ,0.51912,15,18d
908,378,Pavel Ponenkov,, ,0.51893,2,3mo
909,50,bobbqe,, ,0.51886,17,19d
910,410,Raluca Cobzaru,, ,0.51852,48,2mo
911,352,Saj√≥ Zsolt Attila,v1.4.4, ,0.51848,16,1mo
912,699,Boojum,, ,0.5184,12,15d
913,171,Learning-by-doing,,     ,0.51784,42,1mo
914,436,Lan Dinh,, ,0.51755,3,5d
915,577,FreddyHu,,  ,0.5175,10,19d
916,385,JOJO,, ,0.51708,3,2mo
917,135,Allan Bond,, ,0.51701,2,2mo
918,259,Gabriel Bianco,, ,0.51687,84,1mo
919,359,BisCAT,, ,0.51665,24,8d
920,386,ShivamKumar,, ,0.51661,1,3mo
921,241,Luthfi Mahendra,, ,0.51661,2,2mo
922,385,M.Kojima,, ,0.51661,1,3mo
923,385,Oleg Kokorin,, ,0.51661,1,3mo
924,236,John Doe,, ,0.51642,2,2mo
925,330,Ruslan Aliev,, ,0.51631,1,6d
926,437,Felix,, ,0.51631,5,3d
927,853,Ammar Alhaj Ali,, ,0.51627,186,5d
928,203,J J Bennett,,  ,0.51627,10,3d
929,795,podsyp,, ,0.51606,22,3d
930,211,armin ajdehnia,, ,0.51604,23,1mo
931,174,MOLAB,, ,0.51589,13,4d
932,462,Francisco Funes,, ,0.51574,7,1mo
933,281,DataScience,,     ,0.51572,1,21d
934,820,[Lucky.AI],,   ,0.51551,56,9d
935,342,RedJ,, ,0.5147,26,1mo
936,877,Andrij,, ,0.51463,72,3d
937,384,worachit999,, ,0.51457,2,3mo
938,869,intwzt,, ,0.51453,125,3d
939,460,tihonby,, ,0.51427,1,3mo
940,303,Masato Murakawa,[TF] Simple Prediction with 3DCNN, ,0.5141,8,1mo
941,295,murashow,, ,0.514,17,16d
942,884,Shiro Guy,, ,0.51387,23,5d
943,229,"Anouk Stein, MD",, ,0.51368,24,1mo
944,69,aliakbar taghizadeh,, ,0.51364,20,3mo
945,929,TY.Yang,, ,0.51355,247,4d
946,197,huanghuang zhang,, ,0.51342,13,2mo
947,274,OhBeWise,, ,0.51325,36,19d
948,334,mir karim,, ,0.51266,14,1mo
949,304,ochishtivisionet,, ,0.51253,2,20d
950,834,parvathy_uk,, ,0.5123,3,3d
951,897,ywakizaka,, ,0.51211,59,3d
952,428,rsengupta30,, ,0.51189,1,6d
953,882,Nischay Dhankhar,,  ,0.51187,6,6d
954,214,pigyaoaitigerlee,, ,0.51177,9,1mo
955,678,Saumya,, ,0.51164,8,9d
956,223,taeyoon noh,, ,0.5116,6,24d
957,764,Luck Processing Unit (LPU),, ,0.51145,26,9d
958,280,choi,, ,0.51143,3,2mo
959,331,dsh -;,, ,0.51115,22,11d
960,417,ELAINE MARTINS,, ,0.51113,6,2mo
961,97,RHiRaNo,, ,0.51104,6,2mo
962,391,kura19,, ,0.51036,1,2mo
963,391,Wenjun Lin,, ,0.51036,1,2mo
964,391,dogeplusplus,, ,0.51036,1,2mo
965,391,Sarthak_sharma,, ,0.51036,2,1mo
966,391,Rajan Garg,, ,0.51036,1,1mo
967,391,kwchen,, ,0.51036,1,24d
968,391,Simon Artzet,, ,0.51036,1,22d
969,391,Brad Baker,, ,0.51036,1,20d
970,783,SwordMagic,, ,0.51036,2,17d
971,390,LiangYuliang,, ,0.51036,1,15d
972,721,Oshbocker,, ,0.51036,3,3d
973,389,pied pier,,  ,0.51036,2,5d
974,704,Ankitha Giridhar,, ,0.51036,2,3d
975,562,Arseniy Glotov,, ,0.51019,2,5d
976,283,HiroJam,, ,0.51015,4,1mo
977,571,Dee0801,, ,0.5099,1,24d
978,105,Dheeraj Satyavarapu,notebookf92e1ef218,     ,0.50977,1,23d
979,549,RS,, ,0.50973,3,3mo
980,195,IBE,,  ,0.509,18,19d
981,224,George #2,, ,0.50892,1,3mo
982,331,Shubham Singh,, ,0.50879,2,1mo
983,95,Babak Huseynov,, ,0.50875,1,4d
984,973,BmDeep,, ,0.50862,8,1mo
985,633,Maxim Rodionov,, ,0.50811,9,4d
986,899,Mike Kim,, ,0.50798,2,3d
987,899,Anand Sunderrajan,, ,0.50798,8,6d
988,898,Akihiro Yamanihshi,, ,0.50798,80,3d
989,898,Shihao Shao,, ,0.50798,1,7d
990,203,JeanBenoitFerry,, ,0.50762,10,4d
991,522,Hevelyn Sthefany,, ,0.50745,3,1mo
992,609,Sherlock,, ,0.50722,15,5d
993,28,Test,, ,0.50671,16,1mo
994,546,Xue Feng,, ,0.50671,1,3d
995,133,Zhen Lin,, ,0.50652,1,2mo
996,936,SungJangWon,, ,0.50639,88,4d
997,326,Adithya Shetty,, ,0.50631,2,10d
998,452,Inoichan,, ,0.50628,5,3mo
999,344,Henry Davii,, ,0.50628,12,2mo
1000,370,Newt,, ,0.50628,6,3d
1001,282,BIG-S2-2,,     ,0.50607,1,9d
1002,243,Jerry C.,, ,0.50594,31,1mo
1003,501,akazz,, ,0.5059,2,21d
1004,307,zzyjzzyj,, ,0.50577,21,2mo
1005,699,greg97436,, ,0.50575,8,3d
1006,541,Mins,, ,0.5056,5,9d
1007,375,MichaelOOOOOOOOOOO,, ,0.50533,21,1mo
1008,388,Michael FUMERY,Transfert Learning MRI Brain scan, ,0.50531,19,1mo
1009,395,_SVS_,,   ,0.5052,4,2mo
1010,316,Lorenzo Boy's,,  ,0.50507,26,21d
1011,208,Alberto Fern√°ndez Hern√°ndez,, ,0.50497,25,21d
1012,268,Lunshu Sun,, ,0.50471,1,3mo
1013,986,And where are we really?,,   ,0.50469,169,4d
1014,338,Renata Retkute,, ,0.50465,1,4d
1015,31,Sergey Bulanov,[TF] Simple Prediction with VGG16 (Êó•Êú¨Ë™û), ,0.50444,6,1mo
1016,31,abh1jeetpandey,, ,0.50444,1,1mo
1017,776,pororina,, ,0.50444,11,3d
1018,177,Nephes D,, ,0.50441,3,8d
1019,24,ankit maurya,, ,0.50437,4,2mo
1020,206,Meghpal Singh,, ,0.50414,1,15d
1021,940,Satoshi-MTS,, ,0.5039,14,4d
1022,227,Puvvada Dimple Lakshmi Surya Supraja,, ,0.50386,1,24d
1023,736,about:blank,, ,0.50352,15,4d
1024,29,Omer Leibovitch,, ,0.50331,6,2mo
1025,961,v1nor1,, ,0.50331,12,5d
1026,35,Kai-Hsiang Lin,, ,0.50331,3,4d
1027,470,tamano-osanai,, ,0.50314,5,1mo
1028,572,Sayantan Mazumdar,,     ,0.50314,168,4d
1029,515,Youngin Kim,, ,0.50308,1,1mo
1030,292,Kurtlin2012,, ,0.50299,37,4d
1031,52,One Old Dog,, ,0.50297,47,6d
1032,919,Marcus Rose,, ,0.50293,32,1mo
1033,383,JKOSUKE,, ,0.50286,56,4d
1034,701,kaneko,, ,0.50261,27,6d
1035,140,Gabriel Porto Oliveira,, ,0.50212,22,1mo
1036,957,Haenara Shin,, ,0.50193,54,5d
1037,573,abdelkrim Beghdad,, ,0.50186,42,16d
1038,411,BIG-S2-1,,     ,0.50161,27,4d
1039,488,Vipul Vaibhaw,, ,0.50127,2,3mo
1040,972,Tani_1961,, ,0.50118,52,3d
1041,484,Ming Cong,, ,0.50101,1,2mo
1042,832,bacy111,, ,0.50072,3,15d
1043,366,Situ Bondo,, ,0.5007,35,2mo
1044,98,GarrieD,, ,0.50055,7,20d
1045,573,‰∏çÊÄïË∑ØÈïøÂè™ÊÄïÂøóÁü≠,, ,0.5004,59,2mo
1046,19,Ren√© Francois,, ,0.50025,10,1mo
1047,569,RxRx,, ,0.50025,140,3d
1048,955,BUTABEN,,  ,0.50019,39,3d
1049,40,import_torch,,     ,0.50012,17,23d
1050,574,boltumini,, ,0.50002,12,3d
1051,395,DrCapa,RSNA-MICCAI_Brain_Tumor_Starter, ,0.5,2,3mo
1052,395,Muhammad Imran Zaman,notebookd57491196b, ,0.5,2,3mo
1053,395,Samayan Bhattacharya,, ,0.5,3,3mo
1054,907,Panfeng007,, ,0.5,2,21d
1055,394,Prem Chotepanit,, ,0.5,1,3mo
1056,395,TeDiouS,,   ,0.5,2,3mo
1057,395,PapyGuys,,  ,0.5,1,3mo
1058,395,Bharat Rai,, ,0.5,2,3mo
1059,374,Simon Crase,EDAspike, ,0.5,3,3mo
1060,394,Gopal K K 1,notebookf3fe1cd86f, ,0.5,50,14d
1061,394,Mar√≠lia Prata,, ,0.5,1,3mo
1062,394,HIKARU,, ,0.5,1,3mo
1063,394,aaxing,, ,0.5,2,3mo
1064,394,MartaAZ,, ,0.5,1,3mo
1065,394,Pray,, ,0.5,1,3mo
1066,395,js942,, ,0.5,1,3mo
1067,395,Shaif Chowdhury,, ,0.5,1,3mo
1068,395,ECOFRI,, ,0.5,7,3mo
1069,395,Tensor,,  ,0.5,1,3mo
1070,395,Josselin Grouas,, ,0.5,1,3mo
1071,82,Stem,, ,0.5,2,3mo
1072,394,RIIPL,,    ,0.5,1,3mo
1073,394,Mmr Bulbul,, ,0.5,1,3mo
1074,324,Bhargav6031,,     ,0.5,2,3mo
1075,124,Prosto Tak,, ,0.5,20,3mo
1076,393,USF,, ,0.5,1,3mo
1077,393,Little Blue,, ,0.5,1,3mo
1078,393,Samwel Obunde,, ,0.5,2,3mo
1079,393,Zhenfei Li,, ,0.5,1,3mo
1080,516,CASXM,, ,0.5,33,1mo
1081,392,niharika,, ,0.5,9,2mo
1082,237,mkhi,, ,0.5,3,2mo
1083,391,Heming Yang,,     ,0.5,13,2mo
1084,94,LazyTurtles,,  ,0.5,28,2mo
1085,390,Peretz Cohen,, ,0.5,1,2mo
1086,390,ÏõêÏ†ïÏß±,, ,0.5,8,2mo
1087,112,DTU_MIA,,  ,0.5,8,2mo
1088,432,PRDXA,,  ,0.5,2,2mo
1089,388,NoussaOns,,   ,0.5,5,2mo
1090,303,Kareem Kudus,, ,0.5,10,2mo
1091,387,novice03,, ,0.5,1,2mo
1092,316,Deep Learner,, ,0.5,22,2mo
1093,386,atonin,, ,0.5,4,2mo
1094,426,Windmen,, ,0.5,10,2mo
1095,184,GO FOR IT,, ,0.5,12,2mo
1096,105,VadimGose,, ,0.5,10,1mo
1097,344,MKU,, ,0.5,2,2mo
1098,67,Andrey Zotov,, ,0.5,5,2mo
1099,381,BIH-DH,,  ,0.5,1,2mo
1100,381,Harsh Kumar Singh_248,, ,0.5,4,2mo
1101,71,"Me, Myself, and I",,  ,0.5,27,20d
1102,380,AYDIN EROL,, ,0.5,2,2mo
1103,306,Chenglu,, ,0.5,10,2mo
1104,379,bku17,, ,0.5,4,2mo
1105,290,pushkin05,, ,0.5,4,2mo
1106,378,Stephen Hudson,, ,0.5,1,2mo
1107,378,epsilon,, ,0.5,3,2mo
1108,692,Tong Xia,, ,0.5,25,21d
1109,1023,Dranoel,, ,0.5,28,1mo
1110,376,Caio Farias,, ,0.5,3,2mo
1111,376,Tolga Kurtulu≈ü,, ,0.5,3,2mo
1112,376,kevinramen,, ,0.5,10,2mo
1113,294,Kellyrrrrrrrrrrrrrrrrr,, ,0.5,20,2mo
1114,286,AW,, ,0.5,5,2mo
1115,295,ChienWei Chen,, ,0.5,5,2mo
1116,480,fam_taro,, ,0.5,10,2mo
1117,302,Â∫üÁâ©ÂíåËèúÈ∏°,, ,0.5,10,2mo
1118,293,alan850222,, ,0.5,20,2mo
1119,214,therealchenyun,, ,0.5,20,2mo
1120,292,didi333,, ,0.5,15,2mo
1121,1112,yifffff12,, ,0.5,15,2mo
1122,367,sang huynh,, ,0.5,10,1mo
1123,297,Syed Usman Ali Shah,, ,0.5,29,1mo
1124,297,Talat Izhar,, ,0.5,30,1mo
1125,7,yuvaramsingh,, ,0.5,13,15d
1126,699,y dor12,, ,0.5,17,2mo
1127,1125,pegggggggggg,, ,0.5,5,2mo
1128,285,LGH,, ,0.5,10,2mo
1129,361,RajSaur97,, ,0.5,2,2mo
1130,361,howndown,, ,0.5,1,2mo
1131,361,Mushfirat,, ,0.5,1,2mo
1132,79,Michel Dedoo,, ,0.5,5,2mo
1133,281,Farhad Mohamadi,, ,0.5,5,2mo
1134,281,Polad Mohamadi,, ,0.5,8,1mo
1135,223,Firooz Eydi,, ,0.5,10,1mo
1136,368,SemionF,, ,0.5,19,1mo
1137,279,mtFxxk,, ,0.5,10,2mo
1138,357,Daniel0015,, ,0.5,3,1mo
1139,382,NaveenKumar,, ,0.5,1,1mo
1140,188,DungNB,, ,0.5,4,1mo
1141,390,Balash Alavian,, ,0.5,29,1mo
1142,698,Behnam Hasanpoor,, ,0.5,21,1mo
1143,1025,sikim,,   ,0.5,10,1mo
1144,499,Hooshang Barmaki,, ,0.5,10,1mo
1145,720,Moein Eydi,, ,0.5,10,1mo
1146,350,Derya G√úLER,, ,0.5,3,1mo
1147,275,smakaggle32,, ,0.5,5,1mo
1148,109,Phantom Ghost,, ,0.5,11,1mo
1149,663,carrie39,, ,0.5,19,25d
1150,92,pipinstallHSE,, ,0.5,14,1mo
1151,147,Kazumasa Ohgushi,, ,0.5,62,24d
1152,411,Mami Alavian,, ,0.5,18,1mo
1153,652,Atash Alavian,, ,0.5,20,1mo
1154,680,Ghafoor Alavian,, ,0.5,20,1mo
1155,162,flatos,, ,0.5,5,24d
1156,342,Meridius,, ,0.5,2,1mo
1157,288,Paulo Alvim,, ,0.5,2,1mo
1158,259,ironman_01,, ,0.5,31,22d
1159,340,Fu-Om,, ,0.5,1,1mo
1160,263,unnjena,, ,0.5,60,1mo
1161,339,Nogika,, ,0.5,2,1mo
1162,734,Jorr,, ,0.5,28,10d
1163,733,Parikshit Sharma,, ,0.5,1,1mo
1164,125,Abdullrahmen Ahmed Seif,, ,0.5,5,1mo
1165,734,ZYiying,, ,0.5,1,1mo
1166,1009,Maksim Kleshchenok,, ,0.5,9,20d
1167,865,Benedikt & Eugene,,  ,0.5,56,5d
1168,983,yeonsikc,, ,0.5,11,17d
1169,840,JIATONG WANG,, ,0.5,7,8d
1170,786,Jeong-Yoon Lee,, ,0.5,1,1mo
1171,786,Kalyan Chandanala,, ,0.5,1,1mo
1172,786,Bharath Eegala,, ,0.5,1,1mo
1173,937,validmodel,, ,0.5,10,12d
1174,962,Old Monk,, ,0.5,17,9d
1175,891,dasmehdixtr,, ,0.5,7,4d
1176,786,Billy Feng,, ,0.5,1,25d
1177,786,hiroki,, ,0.5,2,24d
1178,873,saimanoj1661,, ,0.5,7,5d
1179,1037,Gao lang,, ,0.5,4,25d
1180,787,extraself,, ,0.5,2,24d
1181,786,Azusa,, ,0.5,2,24d
1182,785,mat,, ,0.5,3,22d
1183,852,Otlichniki_SHADa,,  ,0.5,2,22d
1184,1056,Zaakcii Ru,, ,0.5,92,11d
1185,1135,shirowanisan,, ,0.5,28,4d
1186,986,fugai1,, ,0.5,4,16d
1187,189,19305R009,, ,0.5,5,23d
1188,789,saimanoj1221,, ,0.5,5,23d
1189,789,zeboim,, ,0.5,10,5d
1190,311,Gooooose,, ,0.5,2,23d
1191,1186,[HL]HSROBIN,, ,0.5,8,22d
1192,226,RAGNAROCKROBIN,, ,0.5,5,23d
1193,873,Gan Yaozong,, ,0.5,1,23d
1194,873,Liu Shenwei,üß†Brain Tumor 3D blender, ,0.5,1,23d
1195,873,takaki hiyama,, ,0.5,21,22d
1196,1069,blacktanktop,, ,0.5,10,14d
1197,874,Baek Kyun Shin,, ,0.5,3,22d
1198,304,nikhil_190030935,, ,0.5,1,22d
1199,1051,Pritam Mishra,, ,0.5,7,8d
1200,875,liao,, ,0.5,19,7d
1201,302,Meghana,, ,0.5,4,22d
1202,872,shiiku,, ,0.5,1,22d
1203,1158,ASHFAQUE,, ,0.5,3,6d
1204,872,None,, ,0.5,39,7d
1205,871,IvGoNa,, ,0.5,9,12d
1206,871,endthis!,, ,0.5,1,21d
1207,871,Voonna Vamsi Krishna,, ,0.5,1,21d
1208,871,Pies,, ,0.5,1,21d
1209,987,AcidNets,,  ,0.5,11,4d
1210,802,4FUN,,   ,0.5,67,19d
1211,1061,Billy,, ,0.5,1,21d
1212,1061,bhavanareddy183,, ,0.5,3,21d
1213,1060,Surabhi Yadav,, ,0.5,3,21d
1214,1060,GaryMK,, ,0.5,32,7d
1215,876,Li Pei Heng001,, ,0.5,4,12d
1216,1061,Van-Tien Pham,üß†Brain Tumor 3D blender, ,0.5,10,21d
1217,1049,Michael Schoustra,, ,0.5,3,19d
1218,877,PantsOfLuck,, ,0.5,1,21d
1219,875,Zkquan,üß†Brain Tumor 3D blender, ,0.5,1,20d
1220,875,vria vria,, ,0.5,3,20d
1221,875,SandeepN,üß†Brain Tumor, ,0.5,2,20d
1222,1058,suguru kobayashi,, ,0.5,4,19d
1223,1093,Qihang Wang,, ,0.5,7,4d
1224,876,gloriouszy,, ,0.5,14,20d
1225,1066,Mingguang Chen,, ,0.5,9,15d
1226,1201,Hitesh kumar,, ,0.5,64,3d
1227,1105,swan1214,, ,0.5,40,18d
1228,1068,Rayan-aay,, ,0.5,8,17d
1229,1063,KaBBo,,     ,0.5,50,18d
1230,1063,Joshiaka Patibandla,, ,0.5,4,19d
1231,829,Mukesh Reddy,, ,0.5,1,19d
1232,1063,CH.Yaswanth Sai,, ,0.5,1,19d
1233,1063,LonnieQin,, ,0.5,42,18d
1234,1099,NataeSz,, ,0.5,20,3d
1235,1063,Minju-AIKU,,    ,0.5,9,16d
1236,1063,kusnu,, ,0.5,2,5d
1237,1063,VenkateshThota,, ,0.5,1,18d
1238,1061,kojimar,, ,0.5,3,18d
1239,886,Lasya Anitha Raghavarapu,, ,0.5,2,18d
1240,1109,Laleh Sfz,, ,0.5,40,11d
1241,1062,Kishal Mandal,, ,0.5,5,4d
1242,1125,AkiraIshikawa,, ,0.5,22,3d
1243,1061,Banko,, ,0.5,1,17d
1244,1061,TuozhenLiu,, ,0.5,1,17d
1245,1061,Luong Duong Minh,Brain Tumor 3D, ,0.5,1,17d
1246,1060,motono0223,, ,0.5,18,3d
1247,1135,Aiedward,, ,0.5,71,13d
1248,1060,Nikita Nosikovskiy,, ,0.5,7,5d
1249,795,Looking for Luck,, ,0.5,34,5d
1250,960,EuoVadis,, ,0.5,9,3d
1251,1061,Preeti Rana,, ,0.5,10,9d
1252,1061,Siti Khotijah,, ,0.5,15,10d
1253,1121,Konstantin Parfenov,, ,0.5,6,5d
1254,1060,searching for a name,, ,0.5,4,15d
1255,1059,kunal karda,, ,0.5,14,13d
1256,1123,Inf,,   ,0.5,11,10d
1257,1210,Bobliuuu,, ,0.5,3,6d
1258,1061,Aboalmagd,, ,0.5,2,16d
1259,901,Diep Tran,, ,0.5,39,16d
1260,1061,mazyu36,, ,0.5,2,16d
1261,1060,Benjamin Tay,, ,0.5,2,10d
1262,1060,JunHyeok Park,, ,0.5,10,10d
1263,1060,sho weed,, ,0.5,3,13d
1264,1060,Hossein Masoumi Karakani,, ,0.5,2,16d
1265,1060,blue7red,, ,0.5,41,8d
1266,198,KHS TU,, ,0.5,20,3d
1267,1223,K #2,, ,0.5,5,6d
1268,237,Sansar.B,, ,0.5,3,15d
1269,969,Akira Hirohashi,, ,0.5,17,5d
1270,1107,eff0rt,, ,0.5,24,5d
1271,1055,S Sai Suryateja,, ,0.5,3,15d
1272,1057,wang tao rule,, ,0.5,1,15d
1273,1056,batta mounika,, ,0.5,1,15d
1274,1056,Genomicsvision,,     ,0.5,3,14d
1275,1056,HOROROK,,  ,0.5,10,8d
1276,1056,Salman,, ,0.5,5,14d
1277,917,Nesterenko Marina,, ,0.5,1,15d
1278,1057,Jaskirat Singh,, ,0.5,1,15d
1279,1156,SAIKUMAR DANDLA,, ,0.5,11,13d
1280,1056,ANIBAH,, ,0.5,3,14d
1281,1157,Nick Styles,, ,0.5,5,13d
1282,1055,610,, ,0.5,2,3d
1283,1055,Shadman Rohan,, ,0.5,2,4d
1284,222,Jacky,, ,0.5,2,14d
1285,1056,Ayush Singh488,,   ,0.5,7,9d
1286,1056,konita,, ,0.5,31,4d
1287,924,sDNTRUs,, ,0.5,15,12d
1288,1056,Alexey Krylov,, ,0.5,4,13d
1289,1063,omomo17,, ,0.5,17,11d
1290,1225,Niloofar Rahmani,, ,0.5,65,9d
1291,1057,UnavailableProtocol,, ,0.5,13,13d
1292,1237,FreeLancer12,, ,0.5,56,9d
1293,1258,Mohammadhosein1998,, ,0.5,110,10d
1294,1169,ZhexinJiang,, ,0.5,61,4d
1295,1264,givkashi,, ,0.5,84,4d
1296,1061,hideto tsuzuki,, ,0.5,8,11d
1297,1060,ScientistCoco,, ,0.5,7,12d
1298,936,BRAIN-TO,,  ,0.5,14,5d
1299,1061,U023,, ,0.5,1,12d
1300,1061,AlexMaster,, ,0.5,1,12d
1301,1061,Alexander #4,, ,0.5,1,12d
1302,1266,NiloufarRahmani12,, ,0.5,42,3d
1303,1061,Ahmed Ewida,, ,0.5,6,12d
1304,1061,Aditya301112,, ,0.5,9,4d
1305,1061,ZP Zhou,, ,0.5,4,9d
1306,1061,Hani Abdelwahed,, ,0.5,5,11d
1307,1061,Hide On Bush,, ,0.5,6,12d
1308,1170,ZD Liu,, ,0.5,17,7d
1309,942,Sai Hitesh Velaga,, ,0.5,2,11d
1310,1062,Anton Popov,, ,0.5,4,6d
1311,1062,Sahil Nalawade,, ,0.5,1,11d
1312,944,XiaoLiYa,, ,0.5,1,11d
1313,1061,ÂõõÂπ¥Á∫ßÂ∞èÂ≠¶Áîü,, ,0.5,14,11d
1314,1061,Javi,, ,0.5,1,11d
1315,1212,Hiroshi Kameya,, ,0.5,32,4d
1316,1177,junchan999,, ,0.5,41,6d
1317,940,Sergey Zhitansky,, ,0.5,75,11d
1318,1063,satoshi n,, ,0.5,30,5d
1319,949,Pingc Ma,,  ,0.5,1,10d
1320,187,Jonathan Besomi,, ,0.5,1,10d
1321,1201,ËææËææÂà©È∏≠,, ,0.5,55,6d
1322,1059,_whitecat_22,, ,0.5,31,3d
1323,1059,QI ZHU,, ,0.5,34,6d
1324,946,Towhidul.Tonmoy,, ,0.5,14,10d
1325,1060,naga yasasree davuluru,, ,0.5,4,3d
1326,1060,Pram,, ,0.5,1,10d
1327,1060,Yash Nilesh Soman,, ,0.5,5,4d
1328,957,nikhil murikipudi,, ,0.5,2,10d
1329,1060,rohit@0481,, ,0.5,1,10d
1330,1232,Izotov,, ,0.5,12,3d
1331,1056,nebula,, ,0.5,1,9d
1332,1056,LRJ_,, ,0.5,3,9d
1333,1055,akshatp,, ,0.5,4,8d
1334,889,‚Äé‚Äé‚Äé‚Äé‚Äé‚Äé‚Äé‚Äé,, ,0.5,5,8d
1335,1055,rc95401,, ,0.5,4,7d
1336,172,Andrey Petrov,, ,0.5,5,8d
1337,965,lu,, ,0.5,11,4d
1338,1275,Ctrl_CV,, ,0.5,39,5d
1339,1325,TYY,, ,0.5,25,3d
1340,1055,jyothisri rangu,, ,0.5,1,7d
1341,733,freshman,,  ,0.5,27,3d
1342,1267,Lana Ali,, ,0.5,74,4d
1343,1270,Rasin Katta,, ,0.5,74,4d
1344,30,Psegmentacnn,,  ,0.5,14,6d
1345,1056,Michael Kingston,, ,0.5,1,7d
1346,1304,BTS_Jin,, ,0.5,8,5d
1347,1304,Changshin Yoo,, ,0.5,28,3d
1348,1302,xsong2020,, ,0.5,5,5d
1349,1301,Boltuzamaki,, ,0.5,7,3d
1350,1301,Nonameassassin,, ,0.5,7,3d
1351,1318,Abu Bakar,, ,0.5,10,4d
1352,1061,Giba,, ,0.5,4,6d
1353,1061,exotol,, ,0.5,12,3d
1354,1061,Reuben Schmidt,, ,0.5,7,4d
1355,1302,Ê¥õÂ§©‰æù,, ,0.5,28,4d
1356,1062,Annoroad,,  ,0.5,8,6d
1357,1062,Tu·∫•n L∆∞∆°ng,, ,0.5,4,6d
1358,1341,I can't leave until I get first place.,,  ,0.5,127,4d
1359,1062,Praatibh Surana,, ,0.5,20,3d
1360,1062,Anurag Trivedi,, ,0.5,1,6d
1361,1062,Jason Dsouza,, ,0.5,10,3d
1362,948,Sushmit,, ,0.5,4,5d
1363,1062,Andrey Lovyagin,, ,0.5,8,5d
1364,990,dragon zhang,, ,0.5,41,5d
1365,1225,Gena,, ,0.5,10,3d
1366,1270,Kim NamHyeok,, ,0.5,40,4d
1367,142,Tanmay Gupta,, ,0.5,10,4d
1368,142,N41K,, ,0.5,2,3d
1369,1062,mlslayer,, ,0.5,1,4d
1370,919,abelyaev,, ,0.5,16,4d
1371,1230,tizawa3,, ,0.5,19,3d
1372,1064,Wei Hao Khoong,, ,0.5,5,4d
1373,1064,santo,, ,0.5,15,4d
1374,1280,MedicalIP Intern,,  ,0.5,11,4d
1375,1352,MinTal,, ,0.5,42,3d
1376,1066,Vijju Vijaya Lakshmi,, ,0.5,1,4d
1377,1362,Zerota,, ,0.5,50,3d
1378,1065,soul,, ,0.5,3,4d
1379,132,DL - Team No : 4,,     ,0.5,1,4d
1380,1300,Janos,, ,0.5,15,4d
1381,1065,Cuboo Randell,,  ,0.5,4,3d
1382,1277,We Need A Name,,     ,0.5,32,3d
1383,1065,Gabriel Preda,, ,0.5,6,3d
1384,128,hemadurga1464,, ,0.5,1,3d
1385,1066,Kaggle512,,  ,0.5,4,3d
1386,966,Vaibhav Shukla,, ,0.5,2,3d
1387,1278,Mukharbek Organokov,, ,0.5,11,3d
1388,78,Hugo R. V. Angulo,, ,0.49991,1,1mo
1389,373,Darshana_Bhavik,,  ,0.49989,2,13d
1390,25,Sameed Khan,, ,0.49983,15,3d
1391,901,xmystery,, ,0.49976,68,5d
1392,1285,Team_ALPACA,, ,0.49974,53,3d
1393,247,Bruno16,, ,0.49949,2,3mo
1394,163,Lainey,, ,0.49946,1,6d
1395,1319,Zhengzong,,   ,0.4994,136,3d
1396,989,JSLim7,, ,0.49885,42,8d
1397,876,Chanhu,, ,0.49872,66,18d
1398,479,itmo-cv-1,,   ,0.49868,10,4d
1399,27,phoro3,, ,0.4983,2,17d
1400,182,adrian mrozo,, ,0.49817,2,2mo
1401,99,tomaatti,, ,0.4974,2,3mo
1402,998,Andy (I-Fan Chen),, ,0.49706,51,4d
1403,143,In Kyu Lee,, ,0.49706,1,5d
1404,118,Team115,,  ,0.49689,31,3d
1405,1029,Moinak Bhattacharya,, ,0.49681,18,3d
1406,88,Esfandiar Gaz,, ,0.49662,5,2mo
1407,32,Ashuto7h,, ,0.496,2,1mo
1408,266,Sohel Rana,, ,0.49575,1,16d
1409,144,kenmoro,, ,0.4956,2,1mo
1410,107,ITACHI,, ,0.49532,1,2mo
1411,234,Brian,, ,0.49409,14,2mo
1412,175,Soma Sundaram,, ,0.49405,7,1mo
1413,181,JasperHG90,, ,0.49392,13,2mo
1414,46,Madankumar S,, ,0.49371,7,3mo
1415,53,Taiga Nakaya,, ,0.49371,1,3mo
1416,1333,maze508,, ,0.49356,39,3d
1417,1333,QuocBao285,, ,0.49309,70,4d
1418,188,S√°ng Hu·ª≥nh,, ,0.49303,6,1mo
1419,122,Albert Andrea,, ,0.4929,1,2mo
1420,398,veronica kurapati,, ,0.49266,3,3d
1421,725,Inteligen»õa ArtificialƒÉ √Æn Ac»õiune,, ,0.4923,1,22d
1422,81,extremeregards,, ,0.49213,3,6d
1423,241,Team Miners,,   ,0.49203,3,19d
1424,97,Deepali Mishra #2,, ,0.49196,1,1mo
1425,104,brorc2021,, ,0.49179,4,2mo
1426,1356,Kuroki_A,, ,0.49173,61,3d
1427,864,Ravi Kant Gupta,,   ,0.4913,6,3d
1428,62,kalexis,, ,0.49073,2,1mo
1429,110,nagao,, ,0.49069,1,2mo
1430,798,Iroh,, ,0.4906,23,10d
1431,1067,KaKaggle,,     ,0.49058,80,3d
1432,454,RED BLUE,, ,0.49001,1,22d
1433,696,D.Imanishi,, ,0.48963,31,1mo
1434,434,Skander Zoghlami,, ,0.4895,2,4d
1435,1030,graygray,, ,0.48884,23,18d
1436,97,Kazuki Narikawa,, ,0.48861,10,5d
1437,237,bakuage,, ,0.48861,1,6d
1438,1366,HSDLC,,  ,0.48846,109,3d
1439,947,yui coiuyu,, ,0.48822,50,2mo
1440,238,Alberto Casta√±o,, ,0.4882,4,2mo
1441,1326,usagi-san,, ,0.48744,18,4d
1442,146,Panuvit,, ,0.48737,1,1mo
1443,‚Äî,vBLFTePebWNi6c,, ,0.48695,1,2mo
1444,43,ranunculusrepens,, ,0.48648,10,1mo
1445,73,Tongkhangte,, ,0.48608,8,1mo
1446,1285,YunChen,, ,0.48608,24,12d
1447,1415,Ê¨¢ËøéÊä•ËÄÉÂé¶Èó®ÁêÜÂ∑•Â≠¶Èô¢Á†îÁ©∂ÁîüÔºÅ,, ,0.48589,42,6d
1448,65,SSN_DL_PROJECT,,     ,0.48546,18,3d
1449,373,Rohith Karthikeyan,, ,0.48461,1,2mo
1450,1346,Questionable,, ,0.48453,27,5d
1451,117,Ari,, ,0.48389,14,4d
1452,10,Lucas Enrique Begue,, ,0.48376,1,1mo
1453,102,Noman Arshad,, ,0.48351,2,19d
1454,1346,Kumar Trinayan Bharadwaj,, ,0.48236,171,3d
1455,24,neverfort,, ,0.48223,2,12d
1456,827,cafe au lait,, ,0.48179,2,4d
1457,230,Aninda Goswamy,RSNA_inference, ,0.48113,2,3mo
1458,379,THAMMANA SAI PRANEETH,, ,0.481,2,3d
1459,225,È™•,, ,0.48083,51,1mo
1460,426,iResNet,, ,0.48079,22,6d
1461,58,hayiot,, ,0.48038,5,23d
1462,447,Stefan Krempel,, ,0.48004,1,13d
1463,1411,SeshuRajuP üßò‚Äç‚ôÇÔ∏è,, ,0.48002,5,3d
1464,1110,Jason's Crew,,   ,0.47989,16,7d
1465,1251,Parlayan Yƒ±ldƒ±zlar Takƒ±mƒ±,, ,0.47985,22,3d
1466,75,Anthony Mulcahy,, ,0.47919,1,1mo
1467,331,KSMCG90,, ,0.47875,1,3mo
1468,32,Ivan Furs,, ,0.47862,4,3mo
1469,66,Luan Mai,, ,0.47862,1,1mo
1470,1053,Coding Ninjas,,  ,0.47847,20,1mo
1471,375,Robert Harris,, ,0.47824,3,2mo
1472,62,yyokogi,, ,0.4776,1,2mo
1473,62,Aditya,, ,0.4776,1,2mo
1474,1056,ODUVision,,    ,0.47707,144,3d
1475,431,mane.stoimchev,, ,0.47692,25,8d
1476,89,angiehan_0518,, ,0.47633,3,4d
1477,1366,Kirderf,, ,0.47588,37,3d
1478,843,Dromosys,, ,0.47543,1,3mo
1479,793,Madan Singh,, ,0.47535,2,4d
1480,517,azadeh11234,, ,0.47518,1,7d
1481,970,Swikwislkdj,, ,0.47516,3,3d
1482,1276,tensor choko,, ,0.47416,45,4d
1483,989,lannds18,, ,0.47375,4,8d
1484,862,Shubham Varshney,RSNA-MICCAI Brain Tumor Radiogenomic, ,0.47165,4,6d
1485,430,David Gauthier,, ,0.4711,1,15d
1486,977,Carlos Minutti,, ,0.47063,40,3d
1487,1020,Allan,, ,0.47042,17,4d
1488,66,imxufeng,, ,0.47021,1,3mo
1489,1387,fff,, ,0.4695,43,3d
1490,243,ReginoldLu,, ,0.46936,5,2mo
1491,47,AKSHAY SINGH,,   ,0.46897,1,3d
1492,456,Kishore M,, ,0.46891,1,4d
1493,252,Digaamber Dhamija,, ,0.46885,2,2mo
1494,991,isaac in,, ,0.46855,7,6d
1495,117,Mohamed Arshath,, ,0.46761,5,2mo
1496,824,NaomiFridman,, ,0.46729,2,7d
1497,1071,Harijs Ceri≈Ü≈°,, ,0.46723,27,5d
1498,354,M.M. Sabbir Islam,, ,0.46557,1,3mo
1499,354,Alim Bektimirov,, ,0.46557,1,3mo
1500,353,ChunHsuanLo,, ,0.46557,1,3mo
1501,353,balamanikandan,, ,0.46557,1,3mo
1502,352,Niranjan Nakkala,, ,0.46557,1,3mo
1503,351,Curiosity,, ,0.46557,1,3mo
1504,350,Florencia Florio,, ,0.46557,1,3mo
1505,350,Silverbullet,, ,0.46557,2,3mo
1506,350,r09522549_Bernie,, ,0.46557,1,3mo
1507,408,JustTest,, ,0.46557,12,3mo
1508,351,iadduk,, ,0.46557,3,3mo
1509,351,Daler Dzhabborov,, ,0.46557,1,3mo
1510,351,NoneZW,, ,0.46557,1,3mo
1511,351,Firas,, ,0.46557,1,3mo
1512,351,Binaya Raj Bista,, ,0.46557,1,3mo
1513,350,Amanda McCauley,, ,0.46557,6,2mo
1514,350,yoshiki301,, ,0.46557,1,2mo
1515,350,Meisong Zheng,, ,0.46557,19,25d
1516,350,ri_4380,, ,0.46557,1,2mo
1517,350,Ivan Kalinchuk,, ,0.46557,1,2mo
1518,350,gpushare.com-pig,, ,0.46557,1,2mo
1519,350,cody_greenhorn,, ,0.46557,1,2mo
1520,350,Leko,, ,0.46557,1,2mo
1521,350,KINASHI,, ,0.46557,1,2mo
1522,349,steiferieze,, ,0.46557,1,2mo
1523,1404,Vivek #3,, ,0.46549,84,3d
1524,1403,datakite,, ,0.46549,27,3d
1525,1116,yuma-sudo,, ,0.46451,15,2mo
1526,1485,Alpha Charlie,Brain Tumor - KerasTuner,  ,0.46396,62,3d
1527,866,Evan Yao,Team 9 Second Week, ,0.46268,24,2mo
1528,1527,[HL] ONODERA,, ,0.46215,85,3d
1529,189,Mayara Chew,, ,0.46173,1,1mo
1530,20,Md. Rezwanul Haque,, ,0.46149,1,2mo
1531,20,Gaurav Kesari,, ,0.46149,1,1mo
1532,1455,PseudoLab,,     ,0.46096,126,3d
1533,432,Vic Jos,, ,0.46007,33,1mo
1534,1131,OddAsparagus11,, ,0.46003,11,3d
1535,1044,ragiko,, ,0.45999,1,6d
1536,895,Somenath Chakraborty,, ,0.45994,2,3d
1537,798,Ayan Sengupta,, ,0.45909,6,13d
1538,157,Ryan Lambert,, ,0.45903,4,2mo
1539,550,Vishy,, ,0.45516,1,13d
1540,963,wyyyywwy,, ,0.45482,6,5d
1541,539,runrunrun,,  ,0.45453,39,3d
1542,330,yasagure,, ,0.45295,77,24d
1543,6,tAIL,,   ,0.45287,1,20d
1544,574,Nikita Nikonov,, ,0.45174,6,12d
1545,155,HUOLE26,, ,0.45134,5,3d
1546,1076,hadis ahmadian,, ,0.45032,2,10d
1547,974,Paulo Pinto,, ,0.44919,7,4d
1548,4,Takuuto,, ,0.44611,1,1mo
1549,582,DevDoctors+AICON,,    ,0.44507,46,3d
1550,1068,GBHS,,     ,0.44386,26,4d
1551,985,mzmmoazam,, ,0.44118,23,3d
1552,1089,Biased Outliers,Brain_Tumor_Basic_Tensorflow Random_Seed Ensemble,    ,0.43816,22,6d
1553,20,yizhezx,, ,0.4265,8,1mo
1554,480,Izmaylov Konstantin,, ,0.41318,1,2mo
1555,23,Tom Zhou,, ,0.36919,5,7d
